t_ns,target_id,selected,confirmed,axial_fill,axis_px,bbox_span_px,bbox_w,bbox_h,bag_length_mm,diameter_mm,n_points
1789700115863516183,target_0,0,1,0.4738,52.7,111.2,74,106,60.4,57.1,2882
1789700115863516183,target_1,0,1,0.4374,38.9,88.9,76,73,51.3,44.3,1224
1789700115865308755,target_0,0,1,0.4738,52.7,111.2,74,106,60.4,57.1,2882
1789700115865308755,target_1,0,1,0.4374,38.9,88.9,76,73,51.3,44.3,1224
1789700116232406148,target_0,0,1,0.3936,42.6,108.2,74,105,47.3,44.5,1641
1789700116240033239,target_0,0,1,0.3936,42.6,108.2,74,105,47.3,44.5,1641
1789700116813087233,target_0,0,1,0.4203,47.9,113.9,74,105,53.9,50.7,2306
1789700116813087233,target_1,0,1,0.2881,28.9,100.4,76,73,44.2,45.4,827
1789700116813565762,target_0,0,1,0.4203,47.9,113.9,74,105,53.9,50.7,2306
1789700116813565762,target_1,0,1,0.2881,28.9,100.4,76,73,44.2,45.4,827
1789700117360944418,target_0,0,1,0.3731,48.3,129.5,74,107,53.6,54.2,1637
1789700117360944418,target_1,0,1,0.2646,26.3,99.3,76,73,37.5,34.5,598
1789700117361408686,target_0,0,1,0.3731,48.3,129.5,74,107,53.6,54.2,1637
1789700117361408686,target_1,0,1,0.2646,26.3,99.3,76,73,37.5,34.5,598
1789700117995288003,target_0,0,1,0.4185,47.5,113.5,74,106,53.6,53.3,2565
1789700117995288003,target_1,0,1,0.3102,31.7,102.1,76,73,47.5,43.3,1061
1789700117996641851,target_0,0,1,0.4185,47.5,113.5,74,106,53.6,53.3,2565
1789700117996641851,target_1,0,1,0.3102,31.7,102.1,76,73,47.5,43.3,1061
1789700118258737547,target_0,0,1,0.3799,40.7,107.2,74,106,45.3,47.2,1711
1789700118259938635,target_0,0,1,0.3799,40.7,107.2,74,106,45.3,47.2,1711
1789700118884264944,target_0,0,1,0.4872,54.2,111.3,74,106,62.5,57.2,2939
1789700118884264944,target_1,0,1,0.4052,39.8,98.3,76,73,54.3,45.6,1279
1789700119222901370,target_0,0,1,0.3757,42.5,113.2,74,106,47.2,47.9,1703
1789700119224343133,target_0,0,1,0.3757,42.5,113.2,74,106,47.2,47.9,1703
1789700119843798215,target_0,0,1,0.4496,50.7,112.7,74,106,57.9,56.7,2893
1789700119843798215,target_1,0,1,0.3657,36.3,99.2,76,73,50.7,41.9,1243
1789700120305118710,target_0,0,1,0.3786,40.4,106.6,74,106,44.8,45.3,1654
1789700120305118710,target_1,0,1,0.2148,21.9,102.0,76,73,31.9,33.2,500
1789700120306061186,target_0,0,1,0.3786,40.4,106.6,74,106,44.8,45.3,1654
1789700120306061186,target_1,0,1,0.2148,21.9,102.0,76,73,31.9,33.2,500
1789700120804395794,target_0,0,1,0.5160,55.1,106.8,74,106,62.5,52.8,2690
1789700120804395794,target_1,0,1,0.3754,37.0,98.7,76,73,51.7,44.7,1214
1789700120810678924,target_0,0,1,0.5160,55.1,106.8,74,106,62.5,52.8,2690
1789700120810678924,target_1,0,1,0.3754,37.0,98.7,76,73,51.7,44.7,1214
1789700121282093485,target_0,0,1,0.3783,48.5,128.2,74,106,53.8,53.7,1667
1789700121282093485,target_1,0,1,0.2302,23.0,99.9,76,73,38.6,22.6,341
1789700121282567375,target_0,0,1,0.3783,48.5,128.2,74,106,53.8,53.7,1667
1789700121282567375,target_1,0,1,0.2302,23.0,99.9,76,73,38.6,22.6,341
1789700121885231848,target_0,0,1,0.4180,47.5,113.6,74,106,53.6,53.3,2485
1789700121885231848,target_1,0,1,0.4170,39.3,94.2,76,73,51.9,44.5,938
1789700121885789834,target_0,0,1,0.4180,47.5,113.6,74,106,53.6,53.3,2485
1789700121885789834,target_1,0,1,0.4170,39.3,94.2,76,73,51.9,44.5,938
1789700122323289021,target_0,0,1,0.3768,47.9,127.2,74,106,53.2,53.4,1631
1789700122323289021,target_1,0,1,0.3160,33.0,104.6,76,73,38.3,34.8,610
1789700122326338899,target_0,0,1,0.3768,47.9,127.2,74,106,53.2,53.4,1631
1789700122326338899,target_1,0,1,0.3160,33.0,104.6,76,73,38.3,34.8,610
1789700122849798700,target_0,0,1,0.4422,47.9,108.3,74,106,53.8,51.3,2476
1789700122849798700,target_1,0,1,0.3737,37.4,100.1,76,73,51.3,43.0,1211
1789700122853846366,target_0,0,1,0.4422,47.9,108.3,74,106,53.8,51.3,2476
1789700122853846366,target_1,0,1,0.3737,37.4,100.1,76,73,51.3,43.0,1211
1789700123313389385,target_0,0,1,0.3838,40.8,106.3,74,106,45.2,46.4,1647
1789700123313389385,target_1,0,1,0.3181,30.3,95.2,76,73,35.7,22.8,341
1789700123314560892,target_0,0,1,0.3838,40.8,106.3,74,106,45.2,46.4,1647
1789700123314560892,target_1,0,1,0.3181,30.3,95.2,76,73,35.7,22.8,341
1789700123862090940,target_0,0,1,0.4487,50.9,113.5,74,107,57.8,56.0,2906
1789700123862090940,target_1,0,1,0.3577,35.4,99.1,76,73,49.8,43.1,1261
1789700124366774055,target_0,0,1,0.3793,48.6,128.1,74,106,53.8,52.4,1693
1789700124366774055,target_1,0,1,0.3402,29.3,86.0,76,73,35.3,32.7,453
1789700124880806104,target_0,0,1,0.4713,51.3,108.9,74,106,58.8,55.7,2813
1789700124880806104,target_1,0,1,0.4026,37.6,93.4,76,73,50.7,41.8,1063
1789700125245644817,target_0,0,1,0.3897,50.2,128.9,74,106,55.8,48.6,1647
1789700125250119699,target_0,0,1,0.3897,50.2,128.9,74,106,55.8,48.6,1647
1789700125837849284,target_0,0,1,0.4737,53.0,111.9,74,106,60.9,56.2,2793
1789700125837849284,target_1,0,1,0.4164,37.5,90.1,76,73,49.2,43.1,1066
1789700125842659537,target_0,0,1,0.4737,53.0,111.9,74,106,60.9,56.2,2793
1789700125842659537,target_1,0,1,0.4164,37.5,90.1,76,73,49.2,43.1,1066
1789700126388934481,target_0,0,1,0.3986,49.9,125.2,74,106,55.6,51.9,1620
1789700126388934481,target_1,0,1,0.2652,27.1,102.2,76,73,39.1,35.1,562
1789700126389861092,target_0,0,1,0.3986,49.9,125.2,74,106,55.6,51.9,1620
1789700126389861092,target_1,0,1,0.2652,27.1,102.2,76,73,39.1,35.1,562
1789700126833164099,target_0,0,1,0.4135,46.4,112.3,74,106,52.7,53.6,2578
1789700126833164099,target_1,0,1,0.3839,37.7,98.2,76,73,52.6,42.7,1167
1789700126839270623,target_0,0,1,0.4135,46.4,112.3,74,106,52.7,53.6,2578
1789700126839270623,target_1,0,1,0.3839,37.7,98.2,76,73,52.6,42.7,1167
1789700127318577494,target_0,0,1,0.3806,49.2,129.3,74,106,54.9,51.1,1734
1789700127318577494,target_1,0,1,0.3053,28.0,91.8,76,73,33.3,37.0,620
1789700127319383219,target_0,0,1,0.3806,49.2,129.3,74,106,54.9,51.1,1734
1789700127319383219,target_1,0,1,0.3053,28.0,91.8,76,73,33.3,37.0,620
1789700127834203399,target_0,0,1,0.4702,53.1,113.0,74,104,61.4,58.4,2863
1789700127834203399,target_1,0,1,0.4056,37.3,91.9,76,73,49.2,41.3,1119
1789700128296288441,target_0,0,1,0.3919,48.1,122.7,74,106,53.7,46.2,1536
1789700128296288441,target_1,0,1,0.1172,11.6,99.4,76,73,35.2,35.2,489
1789700128297059583,target_0,0,1,0.3919,48.1,122.7,74,106,53.7,46.2,1536
1789700128297059583,target_1,0,1,0.1172,11.6,99.4,76,73,35.2,35.2,489
1789700128884493073,target_0,0,1,0.5187,55.1,106.2,74,104,63.1,57.0,2862
1789700128884493073,target_1,0,1,0.4049,38.9,96.1,76,73,51.5,41.7,1207
1789700128887997703,target_0,0,1,0.5187,55.1,106.2,74,104,63.1,57.0,2862
1789700128887997703,target_1,0,1,0.4049,38.9,96.1,76,73,51.5,41.7,1207
1789700129277271313,target_0,0,1,0.3842,47.8,124.3,74,105,53.2,44.0,1523
1789700129280328279,target_0,0,1,0.3842,47.8,124.3,74,105,53.2,44.0,1523
1789700129887081906,target_0,0,1,0.4792,52.8,110.2,74,105,60.8,57.1,2921
1789700129887081906,target_1,0,1,0.3681,37.3,101.2,76,73,52.1,43.4,1285
1789700130397996525,target_0,0,1,0.3846,41.4,107.7,74,107,46.0,47.4,1701
1789700130397996525,target_1,0,1,0.2634,27.1,102.9,76,73,39.6,34.9,575
1789700130399164474,target_0,0,1,0.3846,41.4,107.7,74,107,46.0,47.4,1701
1789700130399164474,target_1,0,1,0.2634,27.1,102.9,76,73,39.6,34.9,575
1789700130788860989,target_0,0,1,0.4815,53.4,110.9,74,106,60.9,55.7,2904
1789700130788860989,target_1,0,1,0.4345,35.5,81.7,76,73,47.2,43.9,1141
1789700130789546233,target_0,0,1,0.4815,53.4,110.9,74,106,60.9,55.7,2904
1789700130789546233,target_1,0,1,0.4345,35.5,81.7,76,73,47.2,43.9,1141
1789700131240565564,target_0,0,1,0.3769,43.3,114.8,74,105,48.2,46.3,1520
1789700131251001740,target_0,0,1,0.3769,43.3,114.8,74,105,48.2,46.3,1520
1789700131866133778,target_0,0,1,0.3994,45.6,114.1,74,106,51.3,52.8,2356
1789700131866133778,target_1,0,1,0.3242,32.2,99.2,76,73,47.9,39.5,884
1789700131879148290,target_0,0,1,0.3994,45.6,114.1,74,106,51.3,52.8,2356
1789700131879148290,target_1,0,1,0.3242,32.2,99.2,76,73,47.9,39.5,884
1789700132338719861,target_0,0,1,0.3842,42.4,110.4,74,106,47.1,47.6,1701
1789700132338719861,target_1,0,1,0.3127,27.2,87.0,76,73,32.7,27.3,403
1789700132339222162,target_0,0,1,0.3842,42.4,110.4,74,106,47.1,47.6,1701
1789700132339222162,target_1,0,1,0.3127,27.2,87.0,76,73,32.7,27.3,403
1789700132877623554,target_0,0,1,0.4747,52.8,111.1,74,106,60.7,57.5,2918
1789700132877623554,target_1,0,1,0.4158,38.7,93.1,76,73,50.8,39.7,1139
1789700132879985571,target_0,0,1,0.4747,52.8,111.1,74,106,60.7,57.5,2918
1789700132879985571,target_1,0,1,0.4158,38.7,93.1,76,73,50.8,39.7,1139
1789700133330666625,target_0,0,1,0.3689,42.8,116.1,74,106,47.5,50.4,1725
1789700133330666625,target_1,0,1,0.3202,27.8,86.9,76,73,40.8,34.3,462
1789700133332434783,target_0,0,1,0.3689,42.8,116.1,74,106,47.5,50.4,1725
1789700133332434783,target_1,0,1,0.3202,27.8,86.9,76,73,40.8,34.3,462
1789700133880427278,target_0,0,1,0.4588,52.2,113.8,74,106,59.9,57.0,2993
1789700133880427278,target_1,0,1,0.3916,37.7,96.2,76,73,50.6,44.2,1269
1789700134320450151,target_0,0,1,0.3657,41.9,114.7,74,106,46.7,48.4,1718
1789700134320450151,target_1,0,1,0.2800,29.5,105.2,76,73,38.0,34.0,532
1789700134324032997,target_0,0,1,0.3657,41.9,114.7,74,106,46.7,48.4,1718
1789700134324032997,target_1,0,1,0.2800,29.5,105.2,76,73,38.0,34.0,532
1789700134852222464,target_0,0,1,0.4870,53.3,109.4,74,105,60.9,56.3,2920
1789700134852222464,target_1,0,1,0.3570,35.6,99.6,76,73,50.4,43.0,1265
1789700134853412555,target_0,0,1,0.4870,53.3,109.4,74,105,60.9,56.3,2920
1789700134853412555,target_1,0,1,0.3570,35.6,99.6,76,73,50.4,43.0,1265
1789700135381280357,target_0,0,1,0.3930,43.8,111.6,74,104,48.8,47.5,1638
1789700135381280357,target_1,0,1,0.2835,28.4,100.0,76,73,38.0,35.3,596
1789700135381948968,target_0,0,1,0.3930,43.8,111.6,74,104,48.8,47.5,1638
1789700135381948968,target_1,0,1,0.2835,28.4,100.0,76,73,38.0,35.3,596
1789700135832868274,target_0,0,1,0.4257,47.6,111.9,74,105,53.3,52.7,2465
1789700135832868274,target_1,0,1,0.3967,37.7,95.0,76,73,49.4,44.2,998
1789700135833196369,target_0,0,1,0.4257,47.6,111.9,74,105,53.3,52.7,2465
1789700135833196369,target_1,0,1,0.3967,37.7,95.0,76,73,49.4,44.2,998
1789700136347023914,target_0,0,1,0.4101,44.5,108.5,74,105,49.5,45.2,1707
1789700136347023914,target_1,0,1,0.3010,31.3,104.1,76,73,42.5,35.5,647
1789700136363723484,target_0,0,1,0.4101,44.5,108.5,74,105,49.5,45.2,1707
1789700136363723484,target_1,0,1,0.3010,31.3,104.1,76,73,42.5,35.5,647
1789700136829554764,target_0,0,1,0.4291,47.0,109.6,74,105,52.7,53.0,2516
1789700136829554764,target_1,0,1,0.3314,32.5,98.0,76,73,46.9,43.1,1144
1789700137316238581,target_0,0,1,0.3924,42.5,108.3,74,105,47.3,44.3,1625
1789700137316238581,target_1,0,1,0.2384,24.9,104.4,76,73,34.8,34.0,601
1789700137317329622,target_0,0,1,0.3924,42.5,108.3,74,105,47.3,44.3,1625
1789700137317329622,target_1,0,1,0.2384,24.9,104.4,76,73,34.8,34.0,601
1789700137850035568,target_0,0,1,0.4272,47.4,111.0,74,105,53.5,53.8,2601
1789700137850035568,target_1,0,1,0.4059,37.0,91.2,76,73,49.3,40.7,1101
1789700137851153926,target_0,0,1,0.4272,47.4,111.0,74,105,53.5,53.8,2601
1789700137851153926,target_1,0,1,0.4059,37.0,91.2,76,73,49.3,40.7,1101
1789700138296653355,target_0,0,1,0.3570,45.8,128.3,74,106,50.7,52.1,1568
1789700138296653355,target_1,0,1,0.3276,34.0,103.9,76,73,41.1,35.2,614
1789700138297252380,target_0,0,1,0.3570,45.8,128.3,74,106,50.7,52.1,1568
1789700138297252380,target_1,0,1,0.3276,34.0,103.9,76,73,41.1,35.2,614
1789700138880222538,target_0,0,1,0.5169,54.7,105.7,74,105,62.9,57.8,2901
1789700138880222538,target_1,0,1,0.3618,35.9,99.3,76,73,50.9,40.6,1167
1789700138881030247,target_0,0,1,0.5169,54.7,105.7,74,105,62.9,57.8,2901
1789700138881030247,target_1,0,1,0.3618,35.9,99.3,76,73,50.9,40.6,1167
1789700139281032332,target_0,0,1,0.3633,41.0,112.8,74,106,45.4,45.0,1535
1789700139282249887,target_0,0,1,0.3633,41.0,112.8,74,106,45.4,45.0,1535
1789700139878417066,target_0,0,1,0.4753,52.9,111.2,74,105,60.7,56.9,2903
1789700139878417066,target_1,0,1,0.3537,35.3,99.8,76,73,50.6,42.5,1224
1789700139878944421,target_0,0,1,0.4753,52.9,111.2,74,105,60.7,56.9,2903
1789700139878944421,target_1,0,1,0.3537,35.3,99.8,76,73,50.6,42.5,1224
1789700140309816452,target_0,0,1,0.3656,46.7,127.8,74,106,51.8,53.6,1607
1789700140309816452,target_1,0,1,0.2880,30.2,105.0,76,73,40.1,33.6,602
1789700140311321356,target_0,0,1,0.3656,46.7,127.8,74,106,51.8,53.6,1607
1789700140311321356,target_1,0,1,0.2880,30.2,105.0,76,73,40.1,33.6,602
1789700140871556400,target_0,0,1,0.4267,47.6,111.5,74,106,53.3,53.4,2563
1789700140871556400,target_1,0,1,0.4038,37.9,94.0,76,73,50.2,41.5,1083
1789700140872770785,target_0,0,1,0.4267,47.6,111.5,74,106,53.3,53.4,2563
1789700140872770785,target_1,0,1,0.4038,37.9,94.0,76,73,50.2,41.5,1083
1789700141240369734,target_0,0,1,0.4162,44.5,106.8,74,106,49.4,47.0,1683
1789700141241107869,target_0,0,1,0.4162,44.5,106.8,74,106,49.4,47.0,1683
1789700141853545664,target_0,0,1,0.4243,47.5,111.9,74,105,53.9,52.8,2510
1789700141853545664,target_1,0,1,0.3531,35.6,100.7,76,73,49.6,42.2,1101
1789700141854020860,target_0,0,1,0.4243,47.5,111.9,74,105,53.9,52.8,2510
1789700141854020860,target_1,0,1,0.3531,35.6,100.7,76,73,49.6,42.2,1101
1789700142333072813,target_0,0,1,0.4083,44.1,108.1,74,106,49.0,47.1,1846
1789700142333072813,target_1,0,1,0.3028,29.2,96.5,76,73,34.0,39.4,615
1789700142334126614,target_0,0,1,0.4083,44.1,108.1,74,106,49.0,47.1,1846
1789700142334126614,target_1,0,1,0.3028,29.2,96.5,76,73,34.0,39.4,615
1789700142933342281,target_0,0,1,0.4637,52.3,112.8,74,107,60.2,56.6,2885
1789700142933342281,target_1,0,1,0.4019,38.7,96.2,76,73,51.9,49.9,1236
1789700142933801963,target_0,0,1,0.4637,52.3,112.8,74,107,60.2,56.6,2885
1789700142933801963,target_1,0,1,0.4019,38.7,96.2,76,73,51.9,49.9,1236
1789700143322897822,target_0,0,1,0.3932,41.6,105.8,74,105,46.1,46.8,1702
1789700143322897822,target_1,0,1,0.3051,28.9,94.6,76,73,34.5,35.6,535
1789700143897696860,target_0,0,1,0.4522,50.7,112.1,74,106,58.0,57.1,2864
1789700143897696860,target_1,0,1,0.3967,37.7,94.9,76,73,51.1,46.7,1210
1789700144468099428,target_0,0,1,0.3792,48.8,128.8,74,106,54.2,57.8,1476
1789700144468099428,target_1,0,1,0.3206,30.2,94.2,76,73,36.8,34.4,518
1789700144470113696,target_0,0,1,0.3792,48.8,128.8,74,106,54.2,57.8,1476
1789700144470113696,target_1,0,1,0.3206,30.2,94.2,76,73,36.8,34.4,518
1789700144873782575,target_0,0,1,0.4127,46.7,113.1,74,106,52.6,52.9,2481
1789700144873782575,target_1,0,1,0.3658,36.9,101.0,76,73,50.8,42.7,989
1789700144874748379,target_0,0,1,0.4127,46.7,113.1,74,106,52.6,52.9,2481
1789700144874748379,target_1,0,1,0.3658,36.9,101.0,76,73,50.8,42.7,989
1789700145333304646,target_0,0,1,0.3780,48.6,128.5,74,106,54.1,53.1,1691
1789700145333304646,target_1,0,1,0.3008,27.7,92.0,76,73,32.4,38.7,596
1789700145349069146,target_0,0,1,0.3780,48.6,128.5,74,106,54.1,53.1,1691
1789700145349069146,target_1,0,1,0.3008,27.7,92.0,76,73,32.4,38.7,596
1789700145859064731,target_0,0,1,0.4214,46.9,111.4,74,105,53.3,54.3,2639
1789700145859064731,target_1,0,1,0.3851,36.6,95.0,76,73,50.7,40.1,1096
1789700145864115241,target_0,0,1,0.4214,46.9,111.4,74,105,53.3,54.3,2639
1789700145864115241,target_1,0,1,0.3851,36.6,95.0,76,73,50.7,40.1,1096
1789700146323372914,target_0,0,1,0.3714,39.1,105.3,74,105,43.4,46.0,1566
1789700146323372914,target_1,0,1,0.2977,31.2,104.7,76,73,39.4,36.0,559
1789700146839185961,target_0,0,1,0.4481,50.2,112.1,74,106,57.6,57.0,2891
1789700146839185961,target_1,0,1,0.3801,35.3,92.8,76,73,48.0,41.6,1126
1789700146841863149,target_0,0,1,0.4481,50.2,112.1,74,106,57.6,57.0,2891
1789700146841863149,target_1,0,1,0.3801,35.3,92.8,76,73,48.0,41.6,1126
1789700147281594002,target_0,0,1,0.3895,42.7,109.5,74,106,47.4,45.5,1594
1789700147288358353,target_0,0,1,0.3895,42.7,109.5,74,106,47.4,45.5,1594
1789700147840392547,target_0,0,1,0.4516,50.9,112.7,74,106,58.4,56.5,2931
1789700147840392547,target_1,0,1,0.4078,40.7,99.9,76,73,54.5,46.2,1236
1789700147845202048,target_0,0,1,0.4516,50.9,112.7,74,106,58.4,56.5,2931
1789700147845202048,target_1,0,1,0.4078,40.7,99.9,76,73,54.5,46.2,1236
1789700148357933595,target_0,0,1,0.3877,47.9,123.5,74,106,53.4,47.2,1460
1789700148357933595,target_1,0,1,0.3149,28.2,89.5,76,73,33.7,37.6,563
1789700148891138927,target_0,0,1,0.4821,53.5,111.0,74,106,61.3,56.4,2956
1789700148891138927,target_1,0,1,0.3511,34.0,96.7,76,73,48.9,44.1,1269
1789700148896197862,target_0,0,1,0.4821,53.5,111.0,74,106,61.3,56.4,2956
1789700148896197862,target_1,0,1,0.3511,34.0,96.7,76,73,48.9,44.1,1269
1789700149330523088,target_0,0,1,0.4164,45.5,109.2,74,105,50.6,45.2,1695
1789700149331410499,target_0,0,1,0.4164,45.5,109.2,74,105,50.6,45.2,1695
1789700149830321291,target_0,0,1,0.4212,47.2,112.1,74,106,53.4,52.9,2534
1789700149830321291,target_1,0,1,0.3783,37.5,99.2,76,73,52.3,44.5,1188
1789700150301687696,target_0,0,1,0.3868,43.0,111.2,74,105,47.8,45.0,1610
1789700150305179725,target_0,0,1,0.3868,43.0,111.2,74,105,47.8,45.0,1610
1789700150927690271,target_0,0,1,0.4621,52.2,113.0,74,106,60.2,56.6,2914
1789700150927690271,target_1,0,1,0.3531,31.8,90.1,76,73,44.3,40.1,1100
1789700151244829031,target_0,0,1,0.3767,48.2,127.9,74,105,53.5,51.1,1652
1789700151245037522,target_0,0,1,0.3767,48.2,127.9,74,105,53.5,51.1,1652
1789700151824520617,target_0,0,1,0.5101,54.6,107.0,74,104,62.8,56.0,2859
1789700151824520617,target_1,0,1,0.3720,37.2,99.9,76,73,51.3,43.9,1187
1789700152313015937,target_0,0,1,0.3933,41.4,105.3,74,105,46.0,44.1,1588
1789700152313015937,target_1,0,1,0.2353,23.4,99.6,76,73,33.1,34.2,425
1789700152313459829,target_0,0,1,0.3933,41.4,105.3,74,105,46.0,44.1,1588
1789700152313459829,target_1,0,1,0.2353,23.4,99.6,76,73,33.1,34.2,425
1789700152861817904,target_0,0,1,0.4161,47.2,113.5,74,105,53.6,55.2,2522
1789700152861817904,target_1,0,1,0.4023,37.7,93.8,76,73,50.1,41.8,1078
1789700152864193445,target_0,0,1,0.4161,47.2,113.5,74,105,53.6,55.2,2522
1789700152864193445,target_1,0,1,0.4023,37.7,93.8,76,73,50.1,41.8,1078
1789700153231038387,target_0,0,1,0.3943,42.5,107.7,74,105,47.2,45.2,1656
1789700153231856184,target_0,0,1,0.3943,42.5,107.7,74,105,47.2,45.2,1656
1789700153841770377,target_0,0,1,0.4115,46.7,113.5,74,106,53.0,54.4,2541
1789700153841770377,target_1,0,1,0.3432,32.9,95.8,76,73,47.3,46.8,1104
1789700153842435020,target_0,0,1,0.4115,46.7,113.5,74,106,53.0,54.4,2541
1789700153842435020,target_1,0,1,0.3432,32.9,95.8,76,73,47.3,46.8,1104
1789700154235391293,target_0,0,1,0.3892,41.4,106.3,74,106,45.9,45.3,1673
1789700154236222041,target_0,0,1,0.3892,41.4,106.3,74,106,45.9,45.3,1673
1789700154873705552,target_0,0,1,0.4800,53.6,111.6,74,106,61.2,56.7,2970
1789700154873705552,target_1,0,1,0.3715,36.8,99.1,76,73,50.8,43.8,1290
1789700154875636802,target_0,0,1,0.4800,53.6,111.6,74,106,61.2,56.7,2970
1789700154875636802,target_1,0,1,0.3715,36.8,99.1,76,73,50.8,43.8,1290
1789700155325120211,target_0,0,1,0.4014,43.2,107.6,74,106,47.9,45.5,1685
1789700155325120211,target_1,0,1,0.2892,27.1,93.7,76,73,32.3,31.6,429
1789700155330487538,target_0,0,1,0.4014,43.2,107.6,74,106,47.9,45.5,1685
1789700155330487538,target_1,0,1,0.2892,27.1,93.7,76,73,32.3,31.6,429
1789700155863667390,target_0,0,1,0.4572,51.7,113.1,74,106,59.2,56.3,2888
1789700155863667390,target_1,0,1,0.3383,33.3,98.3,76,73,47.3,44.0,1273
1789700156254178045,target_0,0,1,0.4068,43.8,107.6,74,106,48.6,45.6,1846
1789700156254415353,target_0,0,1,0.4068,43.8,107.6,74,106,48.6,45.6,1846
1789700156826201508,target_0,0,1,0.4618,51.6,111.7,74,106,59.0,56.8,2867
1789700156826201508,target_1,0,1,0.3650,36.2,99.1,76,73,51.6,42.3,1183
1789700157314436025,target_0,0,1,0.3830,49.4,129.0,74,106,54.9,49.1,1678
1789700157314436025,target_1,0,1,0.2940,26.3,89.5,76,73,31.6,29.8,409
1789700157315381677,target_0,0,1,0.3830,49.4,129.0,74,106,54.9,49.1,1678
1789700157315381677,target_1,0,1,0.2940,26.3,89.5,76,73,31.6,29.8,409
1789700157898789275,target_0,0,1,0.4510,50.8,112.6,74,106,58.3,57.0,2931
1789700157898789275,target_1,0,1,0.3652,35.9,98.3,76,73,50.1,43.5,1240
1789700158339097795,target_0,0,1,0.3772,48.4,128.3,74,106,53.7,54.3,1570
1789700158339097795,target_1,0,1,0.2990,28.0,93.6,76,73,32.6,30.1,553
1789700158843771117,target_0,0,1,0.4075,46.4,113.9,74,106,53.0,54.7,2618
1789700158843771117,target_1,0,1,0.3478,33.2,95.5,76,73,46.5,40.0,1087
1789700158844363266,target_0,0,1,0.4075,46.4,113.9,74,106,53.0,54.7,2618
1789700158844363266,target_1,0,1,0.3478,33.2,95.5,76,73,46.5,40.0,1087
1789700159328281491,target_0,0,1,0.3664,39.5,107.9,74,106,44.2,46.3,1711
1789700159328281491,target_1,0,1,0.3230,28.4,88.0,76,74,34.4,33.8,439
1789700159819889083,target_0,0,1,0.4577,51.4,112.2,74,106,58.7,56.5,2906
1789700159822241618,target_0,0,1,0.4577,51.4,112.2,74,106,58.7,56.5,2906
1789700160227563670,target_0,0,1,0.3995,43.4,108.5,73,103,48.1,46.5,1814
1789700160228356667,target_0,0,1,0.3995,43.4,108.5,73,103,48.1,46.5,1814
1789700160780632776,target_0,0,1,0.4414,49.6,112.3,74,105,56.7,56.1,2853
1789700160780920585,target_0,0,1,0.4414,49.6,112.3,74,105,56.7,56.1,2853
1789700161250637072,target_0,0,1,0.3965,43.7,110.1,74,105,48.7,49.9,1936
1789700161251539630,target_0,0,1,0.3965,43.7,110.1,74,105,48.7,49.9,1936
1789700161752965943,target_0,0,1,0.4238,46.7,110.3,74,104,52.9,56.0,2733
1789700161755078122,target_0,0,1,0.4238,46.7,110.3,74,104,52.9,56.0,2733
1789700162241708458,target_0,0,1,0.3925,43.5,110.9,74,105,48.4,44.8,1791
1789700162242042504,target_0,0,1,0.3925,43.5,110.9,74,105,48.4,44.8,1791
1789700162778740926,target_0,0,1,0.4282,46.8,109.3,74,104,52.4,52.7,2567
1789700162783513730,target_0,0,1,0.4282,46.8,109.3,74,104,52.4,52.7,2567
1789700163228453401,target_0,0,1,0.3907,43.3,110.9,73,105,48.1,48.0,1850
1789700163229905084,target_0,0,1,0.3907,43.3,110.9,73,105,48.1,48.0,1850
1789700163753707546,target_0,0,1,0.4354,47.0,107.9,73,104,53.9,58.2,2885
1789700163754756349,target_0,0,1,0.4354,47.0,107.9,73,104,53.9,58.2,2885
1789700164246653808,target_0,0,1,0.4186,50.5,120.7,74,105,56.1,49.2,1826
1789700164249212775,target_0,0,1,0.4186,50.5,120.7,74,105,56.1,49.2,1826
1789700164742725038,target_0,0,1,0.4539,49.7,109.6,74,105,56.9,57.0,2859
1789700164747033443,target_0,0,1,0.4539,49.7,109.6,74,105,56.9,57.0,2859
1789700165256765051,target_0,0,1,0.3881,44.0,113.5,74,105,49.1,52.0,1884
1789700165257020815,target_0,0,1,0.3881,44.0,113.5,74,105,49.1,52.0,1884
1789700165737098228,target_0,0,1,0.4186,45.9,109.6,74,104,51.7,52.3,2484
1789700165738138406,target_0,0,1,0.4186,45.9,109.6,74,104,51.7,52.3,2484
1789700166231621345,target_0,0,1,0.3899,42.8,109.7,74,104,47.6,45.6,1962
1789700166235102426,target_0,0,1,0.3899,42.8,109.7,74,104,47.6,45.6,1962
1789700166764591520,target_0,0,1,0.4350,47.3,108.7,74,104,53.2,54.2,2641
1789700166771073795,target_0,0,1,0.4350,47.3,108.7,74,104,53.2,54.2,2641
1789700167217516541,target_0,0,1,0.3787,41.2,108.7,74,105,45.8,49.1,1727
1789700167218467982,target_0,0,1,0.3787,41.2,108.7,74,105,45.8,49.1,1727
1789700167753307793,target_0,0,1,0.4329,47.7,110.2,74,104,53.6,53.8,2496
1789700167753736821,target_0,0,1,0.4329,47.7,110.2,74,104,53.6,53.8,2496
1789700168247548812,target_0,0,1,0.3905,42.2,108.2,74,104,46.9,49.8,1766
1789700168248466157,target_0,0,1,0.3905,42.2,108.2,74,104,46.9,49.8,1766
1789700168755814426,target_0,0,1,0.4088,45.2,110.6,74,105,50.7,52.4,2354
1789700168756540881,target_0,0,1,0.4088,45.2,110.6,74,105,50.7,52.4,2354
1789700169244286015,target_0,0,1,0.3670,40.0,108.9,74,104,44.6,45.8,1664
1789700169246251857,target_0,0,1,0.3670,40.0,108.9,74,104,44.6,45.8,1664
1789700169766869524,target_0,0,1,0.4697,51.8,110.3,74,105,58.2,55.7,2875
1789700169768085635,target_0,0,1,0.4697,51.8,110.3,74,105,58.2,55.7,2875
1789700170243141063,target_0,0,1,0.3851,43.0,111.5,74,105,47.7,45.5,1700
1789700170243868172,target_0,0,1,0.3851,43.0,111.5,74,105,47.7,45.5,1700
1789700170742342024,target_0,0,1,0.4186,45.9,109.8,74,104,52.2,54.2,2541
1789700170747072074,target_0,0,1,0.4186,45.9,109.8,74,104,52.2,54.2,2541
1789700171231814618,target_0,0,1,0.3952,42.8,108.4,74,104,47.8,45.1,1588
1789700171232726908,target_0,0,1,0.3952,42.8,108.4,74,104,47.8,45.1,1588
1789700171756574164,target_0,0,1,0.4433,48.8,110.1,74,104,56.0,58.4,2928
1789700171757059991,target_0,0,1,0.4433,48.8,110.1,74,104,56.0,58.4,2928
1789700172239058012,target_0,0,1,0.4008,43.1,107.6,74,104,47.9,48.4,1813
1789700172246591224,target_0,0,1,0.4008,43.1,107.6,74,104,47.9,48.4,1813
1789700172744059791,target_0,0,1,0.4198,46.3,110.3,74,104,51.9,51.5,2402
1789700172746137029,target_0,0,1,0.4198,46.3,110.3,74,104,51.9,51.5,2402
1789700173253183088,target_0,0,1,0.3551,40.6,114.5,74,105,45.4,48.1,1673
1789700173260472186,target_0,0,1,0.3551,40.6,114.5,74,105,45.4,48.1,1673
1789700173772756627,target_0,0,1,0.4269,48.1,112.8,74,105,54.6,57.9,2908
1789700173775438032,target_0,0,1,0.4269,48.1,112.8,74,105,54.6,57.9,2908
1789700174238932798,target_0,0,1,0.3537,40.5,114.5,74,104,45.0,46.4,1544
1789700174241345473,target_0,0,1,0.3537,40.5,114.5,74,104,45.0,46.4,1544
1789700174774720081,target_0,0,1,0.4147,46.0,111.1,74,104,52.0,55.5,2689
1789700174775580521,target_0,0,1,0.4147,46.0,111.1,74,104,52.0,55.5,2689
1789700175244569706,target_0,0,1,0.4040,42.3,104.8,74,104,47.0,47.7,1627
1789700175245332118,target_0,0,1,0.4040,42.3,104.8,74,104,47.0,47.7,1627
1789700175761051918,target_0,0,1,0.4287,47.6,111.1,74,104,54.6,56.9,2607
1789700175763160309,target_0,0,1,0.4287,47.6,111.1,74,104,54.6,56.9,2607
1789700176252229087,target_0,0,1,0.3792,41.2,108.6,74,105,45.8,48.3,1734
1789700176256921124,target_0,0,1,0.3792,41.2,108.6,74,105,45.8,48.3,1734
1789700176738532644,target_0,0,1,0.5005,54.4,108.7,74,105,61.0,56.6,2872
1789700176740027452,target_0,0,1,0.5005,54.4,108.7,74,105,61.0,56.6,2872
1789700177222474946,target_0,0,1,0.3685,41.4,112.2,74,104,46.1,46.0,1677
1789700177227026937,target_0,0,1,0.3685,41.4,112.2,74,104,46.1,46.0,1677
1789700177742574830,target_0,0,1,0.4769,51.7,108.3,74,104,58.8,57.3,2963
1789700177742811229,target_0,0,1,0.4769,51.7,108.3,74,104,58.8,57.3,2963
1789700178222656853,target_0,0,1,0.3948,43.5,110.2,74,104,48.4,47.2,1655
1789700178226313837,target_0,0,1,0.3948,43.5,110.2,74,104,48.4,47.2,1655
1789700178806931413,target_0,0,1,0.4712,50.7,107.7,74,104,57.8,56.7,2879
1789700178811026315,target_0,0,1,0.4712,50.7,107.7,74,104,57.8,56.7,2879
1789700179223973475,target_0,0,1,0.3741,42.2,112.8,74,104,46.8,45.1,1703
1789700179228542961,target_0,0,1,0.3741,42.2,112.8,74,104,46.8,45.1,1703
1789700179733292144,target_0,0,1,0.4128,44.3,107.2,74,104,49.6,51.4,2308
1789700179740226193,target_0,0,1,0.4128,44.3,107.2,74,104,49.6,51.4,2308
1789700180243263271,target_0,0,1,0.3954,41.2,104.2,74,104,45.8,46.0,1698
1789700180244186937,target_0,0,1,0.3954,41.2,104.2,74,104,45.8,46.0,1698
1789700180786844805,target_0,0,1,0.4450,49.6,111.5,74,105,57.0,57.4,2815
1789700181241255533,target_0,0,1,0.3918,43.6,111.3,74,105,48.4,46.6,1652
1789700181245575909,target_0,0,1,0.3918,43.6,111.3,74,105,48.4,46.6,1652
1789700181717257481,target_0,0,1,0.4311,47.2,109.5,74,104,52.9,53.9,2630
1789700181718473493,target_0,0,1,0.4311,47.2,109.5,74,104,52.9,53.9,2630
1789700182251431289,target_0,0,1,0.3777,43.3,114.5,74,104,48.2,45.0,1574
1789700182252172617,target_0,0,1,0.3777,43.3,114.5,74,104,48.2,45.0,1574
1789700182748141443,target_0,0,1,0.4236,46.1,108.8,74,104,51.6,51.7,2408
1789700182748831671,target_0,0,1,0.4236,46.1,108.8,74,104,51.6,51.7,2408
1789700183240929517,target_0,0,1,0.3864,41.6,107.6,74,104,46.2,46.0,1573
1789700183241633925,target_0,0,1,0.3864,41.6,107.6,74,104,46.2,46.0,1573
1789700183739251202,target_0,0,1,0.4693,51.7,110.1,74,105,59.0,57.6,2848
1789700183739481359,target_0,0,1,0.4693,51.7,110.1,74,105,59.0,57.6,2848
1789700184254408536,target_0,0,1,0.3801,43.1,113.4,74,104,47.9,47.6,1647
1789700184326211821,target_0,0,1,0.3801,43.1,113.4,74,104,47.9,47.6,1647
1789700184758251929,target_0,0,1,0.4139,46.5,112.4,74,104,52.8,55.2,2614
1789700184762370640,target_0,0,1,0.4139,46.5,112.4,74,104,52.8,55.2,2614
1789700185288600056,target_0,0,1,0.3907,41.3,105.8,74,104,45.9,46.1,1652
1789700185292890977,target_0,0,1,0.3907,41.3,105.8,74,104,45.9,46.1,1652
1789700185765067933,target_0,0,1,0.4096,46.0,112.2,74,105,52.3,54.0,2574
1789700185765749957,target_0,0,1,0.4096,46.0,112.2,74,105,52.3,54.0,2574
1789700186236134965,target_0,0,1,0.3853,43.2,112.0,74,104,48.0,45.6,1586
1789700186236342938,target_0,0,1,0.3853,43.2,112.0,74,104,48.0,45.6,1586
1789700186737040625,target_0,0,1,0.4091,45.0,109.9,74,105,50.8,54.0,2534
1789700186737337726,target_0,0,1,0.4091,45.0,109.9,74,105,50.8,54.0,2534
1789700187246900481,target_0,0,1,0.3908,44.3,113.4,74,104,49.2,46.6,1535
1789700187254039892,target_0,0,1,0.3908,44.3,113.4,74,104,49.2,46.6,1535
1789700187729698219,target_0,0,1,0.4139,45.5,109.8,74,105,51.1,52.4,2384
1789700187730729407,target_0,0,1,0.4139,45.5,109.8,74,105,51.1,52.4,2384
1789700188267899877,target_0,0,1,0.3856,41.7,108.1,74,103,46.4,46.2,1700
1789700188268390203,target_0,0,1,0.3856,41.7,108.1,74,103,46.4,46.2,1700
1789700188731626037,target_0,0,1,0.4166,46.1,110.7,74,105,51.8,55.5,2666
1789700188732421291,target_0,0,1,0.4166,46.1,110.7,74,105,51.8,55.5,2666
1789700189252346387,target_0,0,1,0.4132,43.5,105.2,74,104,48.4,45.4,1710
1789700189252894700,target_0,0,1,0.4132,43.5,105.2,74,104,48.4,45.4,1710
1789700189756265215,target_0,0,1,0.4208,45.9,109.0,74,104,51.6,52.8,2516
1789700189756750839,target_0,0,1,0.4208,45.9,109.0,74,104,51.6,52.8,2516
1789700190244732851,target_0,0,1,0.3746,42.4,113.2,74,104,47.3,46.7,1658
1789700190248849614,target_0,0,1,0.3746,42.4,113.2,74,104,47.3,46.7,1658
1789700190737649563,target_0,0,1,0.4080,45.1,110.5,74,104,50.9,55.7,2656
1789700190742344492,target_0,0,1,0.4080,45.1,110.5,74,104,50.9,55.7,2656
1789700191281091713,target_0,0,1,0.3810,41.7,109.5,74,105,46.4,46.0,1583
1789700191285762639,target_0,0,1,0.3810,41.7,109.5,74,105,46.4,46.0,1583
1789700191760827988,target_0,0,1,0.4202,46.1,109.8,74,105,51.9,54.3,2614
1789700191761066978,target_0,0,1,0.4202,46.1,109.8,74,105,51.9,54.3,2614
1789700192237784059,target_0,0,1,0.3788,42.2,111.3,74,104,47.1,45.0,1507
1789700192238005047,target_0,0,1,0.3788,42.2,111.3,74,104,47.1,45.0,1507
1789700192761121628,target_0,0,1,0.4130,45.8,111.0,74,104,51.8,56.0,2701
1789700192761372330,target_0,0,1,0.4130,45.8,111.0,74,104,51.8,56.0,2701
1789700193228424246,target_0,0,1,0.3733,41.4,110.9,74,105,46.0,48.5,1680
1789700193231270180,target_0,0,1,0.3733,41.4,110.9,74,105,46.0,48.5,1680
1789700193759227829,target_0,0,1,0.4075,46.0,112.9,74,105,52.1,56.0,2663
1789700193761382239,target_0,0,1,0.4075,46.0,112.9,74,105,52.1,56.0,2663
1789700194222976451,target_0,0,1,0.4264,44.7,104.9,74,104,49.6,47.5,1861
1789700194224480618,target_0,0,1,0.4264,44.7,104.9,74,104,49.6,47.5,1861
1789700194738080942,target_0,0,1,0.4213,45.8,108.8,74,104,51.3,51.1,2323
1789700194741546582,target_0,0,1,0.4213,45.8,108.8,74,104,51.3,51.1,2323
1789700195235997278,target_0,0,1,0.3786,42.2,111.5,74,104,47.0,46.6,1530
1789700195283632731,target_0,0,1,0.3786,42.2,111.5,74,104,47.0,46.6,1530
1789700195764292805,target_0,0,1,0.4569,51.1,111.8,74,104,57.9,56.3,2903
1789700195766347587,target_0,0,1,0.4569,51.1,111.8,74,104,57.9,56.3,2903
1789700196242925967,target_0,0,1,0.4002,42.3,105.8,74,104,47.0,46.2,1590
1789700196243638881,target_0,0,1,0.4002,42.3,105.8,74,104,47.0,46.2,1590
1789700196782160022,target_0,0,1,0.4152,46.1,111.1,74,104,52.0,55.9,2679
1789700196783665780,target_0,0,1,0.4152,46.1,111.1,74,104,52.0,55.9,2679
1789700197257350361,target_0,0,1,0.3713,42.9,115.4,74,105,47.8,45.7,1664
1789700197257790557,target_0,0,1,0.3713,42.9,115.4,74,105,47.8,45.7,1664
1789700197741888397,target_0,0,1,0.4301,47.7,111.0,74,104,53.8,52.9,2584
1789700197744129461,target_0,0,1,0.4301,47.7,111.0,74,104,53.8,52.9,2584
1789700198252703063,target_0,0,1,0.3960,44.1,111.4,74,104,49.1,45.7,1605
1789700198252918839,target_0,0,1,0.3960,44.1,111.4,74,104,49.1,45.7,1605
1789700198776649751,target_0,0,1,0.4225,45.3,107.1,74,104,50.8,53.3,2510
1789700198776883884,target_0,0,1,0.4225,45.3,107.1,74,104,50.8,53.3,2510
1789700209263909990,target_0,0,1,0.3789,42.2,111.4,74,105,46.9,46.0,1562
1789700209267837806,target_0,0,1,0.3789,42.2,111.4,74,105,46.9,46.0,1562
1789700210323322799,target_0,1,1,0.4719,50.9,107.8,74,104,57.0,56.6,2815
1789700210323756745,target_0,1,1,0.4719,50.9,107.8,74,104,57.0,56.6,2815
1789700210520263013,target_0,1,1,0.3882,44.2,113.8,74,104,49.0,44.0,1705
1789700210520415039,target_0,1,1,0.3882,44.2,113.8,74,104,49.0,44.0,1705
1789700210742407676,target_0,1,1,0.4523,48.4,107.1,74,104,54.3,52.7,2591
1789700210742717688,target_0,1,1,0.4523,48.4,107.1,74,104,54.3,52.7,2591
1789700211243377607,target_0,1,1,0.3700,42.3,114.5,74,104,47.1,48.5,1716
1789700211246209036,target_0,1,1,0.3700,42.3,114.5,74,104,47.1,48.5,1716
1789700211787461157,target_0,1,1,0.4790,54.2,113.1,74,105,63.1,56.2,2830
1789700211787622877,target_0,1,1,0.4790,54.2,113.1,74,105,63.1,56.2,2830
1789700212217129498,target_0,1,1,0.4495,50.2,111.7,72,107,57.2,53.5,2376
1789700212217601678,target_0,1,1,0.4495,50.2,111.7,72,107,57.2,53.5,2376
1789700212757698240,target_0,1,1,0.5304,59.0,111.2,73,107,68.2,55.2,2821
1789700212758829842,target_0,1,1,0.5304,59.0,111.2,73,107,68.2,55.2,2821
1789700213276063197,target_0,1,1,0.4274,45.1,105.5,72,103,51.2,52.3,2135
1789700213276498653,target_0,1,1,0.4274,45.1,105.5,72,103,51.2,52.3,2135
1789700213771910163,target_0,1,1,0.5286,56.7,107.2,73,101,66.1,58.8,2967
1789700213772258855,target_0,1,1,0.5286,56.7,107.2,73,101,66.1,58.8,2967
1789700214290161543,target_0,1,1,0.4751,48.6,102.4,70,99,56.6,54.0,2506
1789700214292445498,target_0,1,1,0.4751,48.6,102.4,70,99,56.6,54.0,2506
1789700214761524462,target_0,1,1,0.5260,53.6,101.9,71,101,63.1,57.4,2954
1789700214762948265,target_0,1,1,0.5260,53.6,101.9,71,101,63.1,57.4,2954
1789700215273691711,target_0,1,1,0.4738,55.4,116.8,70,98,64.4,55.6,2699
1789700215274437706,target_0,1,1,0.4738,55.4,116.8,70,98,64.4,55.6,2699
1789700215796133348,target_0,1,1,0.5185,57.8,111.5,70,97,67.4,58.6,3088
1789700215796601409,target_0,1,1,0.5185,57.8,111.5,70,97,67.4,58.6,3088
1789700216259883980,target_0,1,1,0.4835,50.2,103.9,71,97,58.1,54.4,2330
1789700216261228002,target_0,1,1,0.4835,50.2,103.9,71,97,58.1,54.4,2330
1789700216755615812,target_0,1,1,0.4726,47.7,101.0,69,95,56.0,58.3,2840
1789700216755851641,target_0,1,1,0.4726,47.7,101.0,69,95,56.0,58.3,2840
1789700217423558406,target_0,1,1,0.4376,44.9,102.6,70,96,52.4,56.4,2373
1789700217429590736,target_0,1,1,0.4376,44.9,102.6,70,96,52.4,56.4,2373
1789700217768075176,target_0,1,1,0.5956,58.9,98.9,71,95,70.7,60.2,3161
1789700217768960501,target_0,1,1,0.5956,58.9,98.9,71,95,70.7,60.2,3161
1789700218251104230,target_0,1,1,0.4405,52.2,118.6,71,95,60.9,49.3,2043
1789700218252690322,target_0,1,1,0.4405,52.2,118.6,71,95,60.9,49.3,2043
1789700218781724695,target_0,1,1,0.5483,54.3,99.0,71,96,64.2,61.4,3148
1789700218781888214,target_0,1,1,0.5483,54.3,99.0,71,96,64.2,61.4,3148
1789700219269695910,target_0,1,1,0.4776,56.6,118.5,70,97,65.5,59.9,2434
1789700219270539536,target_0,1,1,0.4776,56.6,118.5,70,97,65.5,59.9,2434
1789700219796000477,target_0,1,1,0.4688,49.0,104.6,71,100,58.3,57.6,2836
1789700219796155139,target_0,1,1,0.4688,49.0,104.6,71,100,58.3,57.6,2836
1789700220273329925,target_0,1,1,0.4645,47.7,102.8,71,102,55.8,56.7,2584
1789700220280343108,target_0,1,1,0.4645,47.7,102.8,71,102,55.8,56.7,2584
1789700220764957094,target_0,1,1,0.5233,55.0,105.1,73,105,63.8,55.8,2965
1789700220774604715,target_0,1,1,0.5233,55.0,105.1,73,105,63.8,55.8,2965
1789700221284224137,target_0,1,1,0.4273,49.4,115.5,74,110,56.0,53.2,2297
1789700221284441681,target_0,1,1,0.4273,49.4,115.5,74,110,56.0,53.2,2297
1789700221774829736,target_0,1,1,0.4369,47.8,109.4,74,104,54.7,57.2,2851
1789700221775567559,target_0,1,1,0.4369,47.8,109.4,74,104,54.7,57.2,2851
1789700222289571080,target_0,1,1,0.3803,43.1,113.3,74,104,48.0,46.4,1628
1789700222290570935,target_0,1,1,0.3803,43.1,113.3,74,104,48.0,46.4,1628
1789700222814576764,target_0,1,1,0.4241,47.1,111.0,74,104,52.9,52.6,2515
1789700222815253952,target_0,1,1,0.4241,47.1,111.0,74,104,52.9,52.6,2515
1789700223257713366,target_0,1,1,0.3945,44.9,113.8,74,105,50.0,44.7,1610
1789700223261279374,target_0,1,1,0.3945,44.9,113.8,74,105,50.0,44.7,1610
1789700223801732920,target_0,1,1,0.4622,51.2,110.8,74,105,58.0,56.7,2779
1789700223804208991,target_0,1,1,0.4622,51.2,110.8,74,105,58.0,56.7,2779
1789700224256411186,target_0,1,1,0.3818,42.1,110.4,74,104,46.9,44.2,1710
1789700224257023436,target_0,1,1,0.3818,42.1,110.4,74,104,46.9,44.2,1710
